<?xml version="1.0" encoding="UTF-8"?>
<beans xmlns="http://www.springframework.org/schema/beans"
       xmlns:xsi="http://www.w3.org/2001/XMLSchema-instance"
       xmlns:context="http://www.springframework.org/schema/context"
       xsi:schemaLocation="http://www.springframework.org/schema/beans
		http://www.springframework.org/schema/beans/spring-beans.xsd
        http://www.springframework.org/schema/context
        http://www.springframework.org/schema/context/spring-context.xsd">

    <context:property-placeholder location="classpath:*.properties"/>

    <!-- 定义数据源 -->
    <bean id="dataSource" class="com.alibaba.druid.pool.DruidDataSource"
          destroy-method="close">
        <property name="url" value="${jdbc.url}"/>
        <property name="username" value="${jdbc.username}"/>
        <property name="password" value="${jdbc.password}"/>
        <property name="driverClassName" value="${jdbc.driver}"/>
        <property name="maxActive" value="10"/>
        <property name="minIdle" value="5"/>
    </bean>

    <!--这里使用MP提供的sqlSessionFactory，完成了Spring与MP的整合-->
    <bean id="sqlSessionFactory" class="com.baomidou.mybatisplus.extension.spring.MybatisSqlSessionFactoryBean">
        <property name="dataSource" ref="dataSource"/>
        <property name="configLocation" value="classpath:mybatis-config.xml"/>
        <property name="globalConfig">
            <bean class="com.baomidou.mybatisplus.core.config.GlobalConfig">
                <property name="dbConfig">
                    <bean class="com.baomidou.mybatisplus.core.config.GlobalConfig$DbConfig">
                        <property name="idType" value="AUTO"/>
                    </bean>
                </property>
            </bean>
        </property>
    </bean>

    <!--扫描mapper接口，使用的依然是Mybatis原生的扫描器-->
    <bean class="org.mybatis.spring.mapper.MapperScannerConfigurer">
        <property name="basePackage" value="cn.itcast.mp.simple.mapper"/>
    </bean>

</beans>